<?xml version="1.0" encoding="UTF-8" standalone="yes" ?>
<ws>
    <settings>
        <stage width="800px" height="360px" id="Stage" create="yes" center="yes" />
    </settings>
    <assets>
        <asset name="tb_main" type="textbox" behaviour="adv" cssid="MainTb" names="no" 
            x="10px" y="300px" width="780px" height="50px"></asset>
        <asset name="n" type="character" textbox="tb_main"></asset>
    </assets>
    <scenes>
        <scene id="start">
            <do asset="tb_main" action="show" effect="slide" direction="bottom" easing="easeOutBounce" />
            <line s="n">
                Welcome to the WebStory Engine!
            </line>
            <line s="n">
                To edit this story, open game.xml.
            </line>
            <line s="n">
                For support and documentation, visit {a href="http://webstoryengine.org"}WebStoryEngine.org{/a}.
            </line>
        </scene>
    </scenes>
</ws>